{
	"partitions" : [
		{
			"name" : "Top",
			"pins" : [
				{
					"name" : "o_DATA[0]",
					"strict" : false
				},
				{
					"name" : "o_DATA[1]",
					"strict" : false
				},
				{
					"name" : "o_DATA[2]",
					"strict" : false
				},
				{
					"name" : "o_DATA[3]",
					"strict" : false
				},
				{
					"name" : "o_DATA[4]",
					"strict" : false
				},
				{
					"name" : "o_DATA[5]",
					"strict" : false
				},
				{
					"name" : "o_DATA[6]",
					"strict" : false
				},
				{
					"name" : "o_DATA[7]",
					"strict" : false
				},
				{
					"name" : "o_DATA[8]",
					"strict" : false
				},
				{
					"name" : "o_DATA[9]",
					"strict" : false
				},
				{
					"name" : "o_DATA[10]",
					"strict" : false
				},
				{
					"name" : "o_DATA[11]",
					"strict" : false
				},
				{
					"name" : "o_DATA[12]",
					"strict" : false
				},
				{
					"name" : "o_DATA[13]",
					"strict" : false
				},
				{
					"name" : "o_DATA[14]",
					"strict" : false
				},
				{
					"name" : "o_DATA[15]",
					"strict" : false
				},
				{
					"name" : "i_DATA[0]",
					"strict" : false
				},
				{
					"name" : "i_CLK",
					"strict" : false
				},
				{
					"name" : "i_RST",
					"strict" : false
				},
				{
					"name" : "i_LOAD",
					"strict" : false
				},
				{
					"name" : "i_DATA[1]",
					"strict" : false
				},
				{
					"name" : "i_DATA[2]",
					"strict" : false
				},
				{
					"name" : "i_DATA[3]",
					"strict" : false
				},
				{
					"name" : "i_DATA[4]",
					"strict" : false
				},
				{
					"name" : "i_DATA[5]",
					"strict" : false
				},
				{
					"name" : "i_DATA[6]",
					"strict" : false
				},
				{
					"name" : "i_DATA[7]",
					"strict" : false
				},
				{
					"name" : "i_DATA[8]",
					"strict" : false
				},
				{
					"name" : "i_DATA[9]",
					"strict" : false
				},
				{
					"name" : "i_DATA[10]",
					"strict" : false
				},
				{
					"name" : "i_DATA[11]",
					"strict" : false
				},
				{
					"name" : "i_DATA[12]",
					"strict" : false
				},
				{
					"name" : "i_DATA[13]",
					"strict" : false
				},
				{
					"name" : "i_DATA[14]",
					"strict" : false
				},
				{
					"name" : "i_DATA[15]",
					"strict" : false
				}
			]
		}
	]
}