{
	"partitions" : [
		{
			"name" : "Top",
			"pins" : [
				{
					"name" : "o_SEG_0[0]",
					"strict" : false
				},
				{
					"name" : "o_SEG_0[1]",
					"strict" : false
				},
				{
					"name" : "o_SEG_0[2]",
					"strict" : false
				},
				{
					"name" : "o_SEG_0[3]",
					"strict" : false
				},
				{
					"name" : "o_SEG_0[4]",
					"strict" : false
				},
				{
					"name" : "o_SEG_0[5]",
					"strict" : false
				},
				{
					"name" : "o_SEG_0[6]",
					"strict" : false
				},
				{
					"name" : "o_LED",
					"strict" : false
				},
				{
					"name" : "i_STOP",
					"strict" : false
				},
				{
					"name" : "i_CLEAR",
					"strict" : false
				},
				{
					"name" : "i_RST",
					"strict" : false
				},
				{
					"name" : "i_START",
					"strict" : false
				}
			]
		}
	]
}